id,text
sentiment_0001,This product is absolutely amazing! Best purchase I've made this year. ğŸ˜
sentiment_0002,Terrible quality. Broke after 2 days. Complete waste of money. ğŸ˜ 
sentiment_0003,"It's okay. Nothing special, but does the job."
sentiment_0004,Fantastic customer service! They resolved my issue in minutes.
sentiment_0005,Never buying from this store again. Shipment was 3 weeks late!
sentiment_0006,Mediocre product. Average at best.
sentiment_0007,Exceeded all my expectations. Outstanding build quality!
sentiment_0008,Disappointed with the packaging but the product itself is decent.
sentiment_0009,Great value for money. Highly recommend to anyone looking for a budget option.
sentiment_0010,The item arrived damaged. Very frustrated with this experience.
sentiment_0011,"Perfect for my needs. Simple, clean design and works perfectly."
sentiment_0012,Not sure about this one. It has both good and bad aspects.
sentiment_0013,Absolutely love it! Would give 6 stars if I could! ğŸ’¯
sentiment_0014,Poor customer support. Took 3 weeks to get a response.
sentiment_0015,Solid product. Nothing extraordinary but reliable and consistent.
sentiment_0016,This product is absolutely amazing! Best purchase I've made this year. ğŸ˜ (sample #16)
sentiment_0017,Terrible quality. Broke after 2 days. Complete waste of money. ğŸ˜  (sample #17)
sentiment_0018,"It's okay. Nothing special, but does the job. (sample #18)"
sentiment_0019,Fantastic customer service! They resolved my issue in minutes. (sample #19)
sentiment_0020,Never buying from this store again. Shipment was 3 weeks late! (sample #20)
sentiment_0021,Mediocre product. Average at best. (sample #21)
sentiment_0022,Exceeded all my expectations. Outstanding build quality! (sample #22)
sentiment_0023,Disappointed with the packaging but the product itself is decent. (sample #23)
sentiment_0024,Great value for money. Highly recommend to anyone looking for a budget option. (sample #24)
sentiment_0025,The item arrived damaged. Very frustrated with this experience. (sample #25)
sentiment_0026,"Perfect for my needs. Simple, clean design and works perfectly. (sample #26)"
sentiment_0027,Not sure about this one. It has both good and bad aspects. (sample #27)
sentiment_0028,Absolutely love it! Would give 6 stars if I could! ğŸ’¯ (sample #28)
sentiment_0029,Poor customer support. Took 3 weeks to get a response. (sample #29)
sentiment_0030,Solid product. Nothing extraordinary but reliable and consistent. (sample #30)
sentiment_0031,This product is absolutely amazing! Best purchase I've made this year. ğŸ˜ (sample #31)
sentiment_0032,Terrible quality. Broke after 2 days. Complete waste of money. ğŸ˜  (sample #32)
sentiment_0033,"It's okay. Nothing special, but does the job. (sample #33)"
sentiment_0034,Fantastic customer service! They resolved my issue in minutes. (sample #34)
sentiment_0035,Never buying from this store again. Shipment was 3 weeks late! (sample #35)
sentiment_0036,Mediocre product. Average at best. (sample #36)
sentiment_0037,Exceeded all my expectations. Outstanding build quality! (sample #37)
sentiment_0038,Disappointed with the packaging but the product itself is decent. (sample #38)
sentiment_0039,Great value for money. Highly recommend to anyone looking for a budget option. (sample #39)
sentiment_0040,The item arrived damaged. Very frustrated with this experience. (sample #40)
sentiment_0041,"Perfect for my needs. Simple, clean design and works perfectly. (sample #41)"
sentiment_0042,Not sure about this one. It has both good and bad aspects. (sample #42)
sentiment_0043,Absolutely love it! Would give 6 stars if I could! ğŸ’¯ (sample #43)
sentiment_0044,Poor customer support. Took 3 weeks to get a response. (sample #44)
sentiment_0045,Solid product. Nothing extraordinary but reliable and consistent. (sample #45)
sentiment_0046,This product is absolutely amazing! Best purchase I've made this year. ğŸ˜ (sample #46)
sentiment_0047,Terrible quality. Broke after 2 days. Complete waste of money. ğŸ˜  (sample #47)
sentiment_0048,"It's okay. Nothing special, but does the job. (sample #48)"
sentiment_0049,Fantastic customer service! They resolved my issue in minutes. (sample #49)
sentiment_0050,Never buying from this store again. Shipment was 3 weeks late! (sample #50)
